repeat_id,purity,unit_size,unit_number,score
1,100,28,2,0.6502449179454792
1,66,14,3.3,-1.167860005843267
1,100,500,500,6.199477011481137